round,phase,accuracy,f1_macro,f1_Adware,f1_Backdoor,f1_FileInfector,f1_PUA,f1_Ransomware,f1_Riskware,f1_Scareware,f1_Trojan,f1_Trojan_Banker,f1_Trojan_Dropper,f1_Trojan_SMS,f1_Trojan_Spy
1,warmup,0.495461,0.286384,0.528751,0.139373,0.000000,0.144578,0.330275,0.682649,0.298246,0.334807,0.000000,0.333333,0.609037,0.035556
2,warmup,0.159555,0.054246,0.014268,0.000000,0.000000,0.000000,0.000000,0.000000,0.000000,0.445783,0.000000,0.000000,0.038298,0.152603
3,ensemble,0.562642,0.374979,0.707081,0.229885,0.000000,0.248092,0.490421,0.633191,0.586957,0.546082,0.000000,0.385852,0.654244,0.017937
