round,phase,accuracy,f1_macro,f1_Adware,f1_Backdoor,f1_FileInfector,f1_PUA,f1_Ransomware,f1_Riskware,f1_Scareware,f1_Trojan,f1_Trojan_Banker,f1_Trojan_Dropper,f1_Trojan_SMS,f1_Trojan_Spy
1,warmup,0.495007,0.286429,0.528751,0.137931,0.000000,0.143713,0.330275,0.682473,0.300885,0.334437,0.000000,0.334247,0.609037,0.035398
2,warmup,0.568770,0.373762,0.761622,0.238994,0.000000,0.240000,0.473251,0.608090,0.606061,0.571281,0.000000,0.357616,0.628231,0.000000
3,warmup,0.645256,0.422161,0.795855,0.270968,0.000000,0.341651,0.607784,0.723525,0.591304,0.637602,0.000000,0.356643,0.712695,0.027907
4,warmup,0.043804,0.032008,0.000000,0.000000,0.000000,0.059387,0.000000,0.000000,0.324706,0.000000,0.000000,0.000000,0.000000,0.000000
5,warmup,0.028370,0.004598,0.000000,0.000000,0.000000,0.055175,0.000000,0.000000,0.000000,0.000000,0.000000,0.000000,0.000000,0.000000
6,ensemble,0.035179,0.011351,0.000000,0.000000,0.000000,0.058406,0.000000,0.000000,0.077810,0.000000,0.000000,0.000000,0.000000,0.000000
7,ensemble,0.021335,0.013742,0.000000,0.000000,0.000000,0.126761,0.000000,0.000000,0.038142,0.000000,0.000000,0.000000,0.000000,0.000000
8,ensemble,0.026328,0.010192,0.000000,0.000000,0.000000,0.077792,0.000000,0.000000,0.044514,0.000000,0.000000,0.000000,0.000000,0.000000
