round,phase,accuracy,f1_macro,f1_Adware,f1_Backdoor,f1_FileInfector,f1_PUA,f1_Ransomware,f1_Riskware,f1_Scareware,f1_Trojan,f1_Trojan_Banker,f1_Trojan_Dropper,f1_Trojan_SMS,f1_Trojan_Spy
1,warmup,0.495007,0.286429,0.528751,0.137931,0.000000,0.143713,0.330275,0.682473,0.300885,0.334437,0.000000,0.334247,0.609037,0.035398
2,warmup,0.159782,0.053977,0.015183,0.000000,0.000000,0.000000,0.000000,0.000000,0.000000,0.443361,0.000000,0.000000,0.035874,0.153304
3,ensemble,0.294144,0.135448,0.700908,0.000000,0.000000,0.000000,0.178042,0.000000,0.600000,0.000000,0.000000,0.000000,0.000000,0.146427
