round,phase,accuracy,f1_macro,f1_Adware,f1_Backdoor,f1_FileInfector,f1_PUA,f1_Ransomware,f1_Riskware,f1_Scareware,f1_Trojan,f1_Trojan_Banker,f1_Trojan_Dropper,f1_Trojan_SMS,f1_Trojan_Spy
1,warmup,0.495007,0.286429,0.528751,0.137931,0.000000,0.143713,0.330275,0.682473,0.300885,0.334437,0.000000,0.334247,0.609037,0.035398
2,warmup,0.568316,0.374836,0.754229,0.251572,0.000000,0.247649,0.472050,0.613252,0.612245,0.566462,0.000000,0.349835,0.630739,0.000000
3,warmup,0.645937,0.423666,0.791841,0.282051,0.000000,0.342967,0.603550,0.728074,0.593886,0.637411,0.000000,0.357895,0.718404,0.027907
4,warmup,0.061053,0.014867,0.138106,0.000000,0.040302,0.000000,0.000000,0.000000,0.000000,0.000000,0.000000,0.000000,0.000000,0.000000
5,ensemble,0.672038,0.455891,0.819706,0.191176,0.000000,0.495413,0.638231,0.739942,0.582278,0.666667,0.000000,0.420000,0.712018,0.205263
6,ensemble,0.697231,0.449485,0.862184,0.321839,0.105263,0.429907,0.636364,0.784452,0.520755,0.690367,0.000000,0.320000,0.680851,0.041841
